Source,Remove,checks_passed,dataset_id,dataset_name,heterogeneous,Deterministic,Artificial,P/n ratio too high,Stream,Time series,Too many low cardinality,Hidden columns,Too little information,Too many IDs,Redundant,Crafted features,Simulated,n_features,n_samples,num_categorical_columns,num_columns_missing,num_pseudo_categorical_columns,num_rows_missing,original_n_features,original_n_samples,score_hbgt,score_logistic,too_easy,logistic_outperforms,score_linear,score_resnet,too_easy_resnet
OpenML binary,NA,0,38,sick,NA,NA,NA,NA,NA,NA,NA,NA,NA,NA,NA,NA,NA,6,436,22,0,1,1021,29,3772,NA,NA,NA,NA,NA,NA,NA
OpenML binary,NA,0,44,spambase,NA,NA,NA,NA,NA,NA,NA,NA,NA,NA,NA,NA,NA,57,3626,0,0,0,0,57,4601,"0,9520220588","0,9200367647",1,0,0.9246323529411764,0.9314338235294116,1
OpenML binary,0,1,151,electricity,NA,NA,NA,NA,NA,NA,NA,NA,NA,NA,NA,NA,NA,7,38474,1,0,0,0,8,45312,"0,8467001748","0,7324810606",0,0,NA,NA,NA
OpenML binary,NA,0,152,Hyperplane_10_1E-3,NA,NA,1,NA,NA,NA,NA,NA,NA,NA,NA,NA,NA,10,999986,0,0,0,0,10,1000000,"0,6141455161","0,6867005076",1,1,0.6957666666666666,0.6705,1
OpenML binary,NA,0,153,Hyperplane_10_1E-4,NA,NA,1,NA,NA,NA,NA,NA,NA,NA,NA,NA,NA,10,999668,0,0,0,0,10,1000000,"0,7873434856","0,9021319797",1,1,0.9061,0.8928666666666667,1
OpenML binary,NA,0,246,BNG(labor),NA,NA,1,NA,NA,NA,NA,NA,NA,NA,NA,NA,NA,7,706000,8,0,1,0,16,1000000,"0,7522135949","0,77060346",1,0,0.7716666666666666,0.7929333333333334,1
OpenML binary,NA,0,251,BNG(breast-w),NA,NA,1,NA,NA,NA,NA,NA,NA,NA,NA,NA,NA,9,27092,0,0,0,0,9,39366,"0,9835698282","0,9788897187",1,0,0.9790770757525636,0.9803175653324512,1
OpenML binary,NA,0,256,"BNG(colic,ORIG)",NA,NA,1,NA,NA,NA,NA,NA,NA,NA,NA,NA,NA,7,724812,20,0,0,0,27,1000000,"0,5019741321","0,4997277059",1,0,0.5056333333333334,0.5024,1
OpenML binary,NA,0,257,BNG(colic),NA,NA,1,NA,NA,NA,NA,NA,NA,NA,NA,NA,NA,7,739558,15,0,0,0,22,1000000,"0,6401061513","0,6321448013",1,0,0.6464333333333333,0.6741666666666667,1
OpenML binary,NA,0,258,BNG(credit-a),NA,NA,1,NA,NA,NA,NA,NA,NA,NA,NA,NA,NA,6,891984,9,0,0,0,15,1000000,"0,7373203146","0,744100895",1,0,0.7441,0.7799666666666667,1
OpenML binary,NA,0,260,BNG(credit-g),NA,NA,NA,NA,NA,NA,NA,NA,NA,NA,NA,NA,NA,3,600452,13,0,4,0,20,1000000,NA,NA,NA,0,NA,NA,NA
OpenML binary,1,1,262,BNG(cylinder-bands),NA,NA,1,NA,NA,NA,NA,NA,NA,NA,NA,NA,NA,17,843876,21,0,1,0,39,1000000,"0,6001764626","0,5589792317",0,0,NA,NA,NA
OpenML binary,1,1,264,BNG(sonar),NA,NA,1,NA,NA,NA,NA,NA,NA,NA,NA,NA,NA,60,934924,0,0,0,0,60,1000000,"0,8121273713","0,7430894309",0,0,NA,NA,NA
OpenML binary,NA,0,267,BNG(heart-statlog),NA,NA,1,NA,NA,NA,NA,NA,NA,NA,NA,NA,NA,6,888108,0,0,7,0,13,1000000,"0,7655116295","0,7901946159",1,0,0.7904666666666667,0.8076666666666666,1
OpenML binary,NA,0,269,BNG(hepatitis),NA,NA,1,NA,NA,NA,NA,NA,NA,NA,NA,NA,NA,6,415634,13,0,0,0,19,1000000,"0,752956636","0,7639532471",1,0,0.7607,0.7847666666666666,1
OpenML binary,NA,0,273,"IMDB,drama",NA,NA,NA,NA,NA,NA,NA,NA,NA,NA,NA,NA,NA,0,120919,0,0,1001,0,1001,120919,NA,NA,NA,0,NA,NA,NA
OpenML binary,0,1,293,covertype,1,NA,0,NA,NA,NA,NA,NA,NA,0,NA,NA,0,10,566602,0,0,44,0,54,581012,"0,6937615558","0,5506402794",0,0,NA,NA,NA
OpenML binary,NA,0,310,mammography,NA,NA,NA,NA,NA,NA,NA,NA,NA,NA,NA,NA,NA,6,520,0,0,0,0,6,11183,NA,NA,NA,0,NA,NA,NA
OpenML binary,NA,0,350,webdata_wXa,NA,NA,NA,NA,NA,NA,NA,NA,NA,NA,NA,NA,NA,0,36974,0,0,123,0,123,36974,NA,NA,NA,0,NA,NA,NA
OpenML binary,NA,0,351,codrna,NA,NA,NA,NA,NA,NA,NA,NA,NA,0,NA,NA,0,8,325710,0,0,0,0,8,488565,"0,9392033543","0,9178197065",1,0,0.9521333333333334,0.961,1
OpenML binary,0,1,354,poker,NA,1,NA,NA,NA,NA,NA,NA,NA,NA,NA,NA,NA,5,1022616,0,0,5,0,10,1025010,"0,5558863329","0,5122462788",0,0,NA,NA,NA
OpenML binary,NA,0,357,vehicle_sensIT,NA,NA,NA,NA,NA,NA,NA,NA,NA,NA,NA,NA,NA,100,98528,0,0,0,0,100,98528,"0,854839978","0,8490209955",1,0,0.8582333333333333,0.8417333333333333,1
OpenML binary,NA,0,720,abalone,NA,NA,NA,NA,NA,NA,NA,NA,NA,NA,NA,NA,NA,7,4162,1,0,0,0,8,4177,"0,7665332266","0,7863891113",1,0,0.7843074459567655,0.7838270616493195,1
OpenML binary,0,1,722,pol,NA,NA,NA,NA,NA,NA,NA,NA,NA,NA,NA,NA,NA,26,10082,0,0,22,0,48,15000,"0,986446281","0,8550743802",0,0,NA,NA,NA
OpenML binary,NA,0,725,bank8FM,NA,NA,NA,NA,NA,NA,NA,NA,NA,NA,NA,NA,NA,7,6614,0,0,1,0,8,8192,"0,9453904282","0,9452896725",1,0,0.9408564231738036,0.9395465994962218,1
OpenML binary,NA,0,727,2dplanes,NA,NA,NA,NA,NA,NA,NA,NA,NA,NA,NA,NA,NA,0,40768,0,0,10,0,10,40768,NA,NA,NA,0,NA,NA,NA
OpenML binary,NA,0,728,analcatdata_supreme,NA,NA,NA,NA,NA,NA,NA,NA,NA,NA,NA,NA,NA,2,1942,0,0,5,0,7,4052,NA,NA,NA,0,NA,NA,NA
OpenML binary,NA,0,734,ailerons,NA,NA,NA,NA,NA,NA,NA,NA,NA,NA,NA,NA,NA,33,11656,0,0,7,0,40,13750,"0,8841864455","0,8772662282",1,0,0.879839862739491,0.8678295682013154,1
OpenML binary,NA,0,735,cpu_small,NA,NA,NA,NA,NA,NA,NA,NA,NA,NA,NA,NA,NA,12,4954,0,0,0,0,12,8192,"0,9128446537","0,8997982515",1,0,0.898453261600538,0.9085406859448554,1
OpenML binary,NA,0,737,space_ga,NA,NA,NA,NA,NA,NA,NA,NA,NA,NA,NA,NA,NA,6,3082,0,0,0,0,6,3107,"0,8475675676","0,8371891892",1,0,0.8391351351351352,0.8774054054054055,1
OpenML binary,1,1,752,puma32H,0,NA,NA,NA,NA,NA,NA,NA,NA,NA,NA,NA,NA,32,8128,0,0,0,0,32,8192,"0,8872488725","0,6527265273",0,0,NA,NA,NA
OpenML binary,NA,0,761,cpu_act,NA,NA,NA,NA,NA,NA,NA,NA,NA,NA,NA,NA,NA,21,4954,0,0,0,0,21,8192,"0,9295225286","0,9188971083",1,0,0.9241425689307332,0.926967047747142,1
OpenML binary,NA,0,803,delta_ailerons,NA,NA,NA,NA,NA,NA,NA,NA,NA,NA,NA,NA,NA,5,6692,0,0,0,0,5,7129,"0,9407370518","0,9369521912",1,0,0.9357569721115538,0.9363545816733068,1
OpenML binary,1,1,807,kin8nm,0,NA,NA,NA,NA,NA,NA,NA,NA,NA,NA,NA,NA,8,8048,0,0,0,0,8,8192,"0,8665010352","0,7305175983",0,0,NA,NA,NA
OpenML binary,NA,0,816,puma8NH,NA,NA,NA,NA,NA,NA,NA,NA,NA,NA,NA,NA,NA,8,8156,0,0,0,0,8,8192,"0,8136493666","0,8225582346",1,0,0.8285247241520229,0.801634654679199,1
OpenML binary,NA,0,819,delta_elevators,NA,NA,NA,NA,NA,NA,NA,NA,NA,NA,NA,NA,NA,5,9464,0,0,1,0,6,9517,"0,8745774648","0,8821126761",1,0,0.8755633802816902,0.8710563380281691,1
OpenML binary,0,1,821,house_16H,NA,NA,NA,NA,NA,NA,NA,NA,NA,NA,NA,NA,NA,16,13488,0,0,0,0,16,22784,"0,8806523351","0,81606128",0,0,NA,NA,NA
OpenML binary,NA,0,823,houses,NA,NA,NA,NA,NA,NA,NA,NA,NA,NA,NA,NA,NA,8,17828,0,0,0,0,8,20640,"0,9802222222","0,9612",1,0,0.9611765439022872,0.9807440643110862,1
OpenML binary,NA,0,833,bank32nh,NA,NA,NA,NA,NA,NA,NA,NA,NA,NA,NA,NA,NA,28,5086,0,0,4,0,32,8192,"0,7841415465","0,7868938401",1,0,0.799213630406291,0.7587155963302752,1
OpenML binary,1,1,843,house_8L,NA,NA,NA,NA,NA,NA,NA,NA,NA,NA,1,NA,NA,8,13488,0,0,0,0,8,22784,"0,8673585372","0,822041018",0,0,NA,NA,NA
OpenML binary,NA,0,846,elevators,NA,NA,NA,NA,NA,NA,NA,NA,NA,NA,NA,NA,NA,16,10260,0,0,2,0,18,16599,"0,854628126","0,8685936993",1,0,0.8713868139006171,0.8748294900941864,1
OpenML binary,NA,0,847,wind,NA,NA,NA,NA,NA,NA,NA,NA,NA,NA,NA,NA,NA,14,6146,0,0,0,0,14,6574,"0,8523861171","0,8493492408",1,0,0.848590021691974,0.8426247288503254,1
OpenML binary,NA,0,871,pollen,NA,NA,NA,NA,NA,NA,NA,NA,NA,NA,NA,NA,NA,5,3848,0,0,0,0,5,3848,"0,4881385281","0,4853679654",1,0,0.4924675324675325,0.5026839826839826,1
OpenML binary,1,1,881,mv,NA,NA,1,NA,NA,NA,NA,NA,NA,NA,NA,NA,NA,7,32894,3,0,0,0,10,40768,"0,993995098","0,8611111111",0,0,NA,NA,NA
OpenML binary,1,1,901,fried,NA,NA,1,NA,NA,NA,NA,NA,NA,NA,NA,NA,NA,10,40682,0,0,0,0,10,40768,"0,9177402323","0,8332629356",0,0,NA,NA,NA
OpenML binary,NA,0,976,JapaneseVowels,NA,NA,NA,NA,NA,NA,NA,NA,NA,NA,NA,NA,NA,14,3228,0,0,0,0,14,9961,"0,9836945304","0,9581011352",1,0,0.9500515995872034,0.990092879256966,1
OpenML binary,NA,0,977,letter,NA,NA,NA,NA,NA,NA,NA,NA,NA,NA,NA,NA,NA,16,1626,0,0,0,0,16,20000,NA,NA,NA,0,NA,NA,NA
OpenML binary,NA,0,979,waveform-5000,NA,NA,NA,NA,NA,NA,NA,NA,NA,NA,NA,NA,NA,40,3384,0,0,0,0,40,5000,"0,8852362205","0,8730314961",1,0,0.8677165354330707,0.8582677165354331,1
OpenML binary,NA,0,980,optdigits,NA,NA,NA,NA,NA,NA,NA,NA,NA,NA,NA,NA,NA,51,1144,0,0,13,0,64,5620,NA,NA,NA,0,NA,NA,NA
OpenML binary,0,1,993,kdd_ipums_la_97-small,NA,NA,NA,NA,NA,NA,NA,NA,NA,NA,NA,NA,NA,20,5188,27,0,13,0,60,7019,"0,877970456","0,8321130379",0,0,NA,NA,NA
OpenML binary,NA,0,1000,hypothyroid,NA,NA,NA,NA,NA,NA,NA,NA,NA,NA,NA,NA,NA,6,446,22,0,1,1021,29,3772,NA,NA,NA,0,NA,NA,NA
OpenML binary,NA,0,1002,ipums_la_98-small,NA,NA,NA,NA,NA,NA,NA,NA,NA,NA,NA,NA,NA,16,1582,39,0,0,0,55,7485,NA,NA,NA,0,NA,NA,NA
OpenML binary,NA,0,1018,ipums_la_99-small,NA,NA,NA,NA,NA,NA,NA,NA,NA,NA,NA,NA,NA,15,1136,41,0,0,0,56,8844,NA,NA,NA,0,NA,NA,NA
OpenML binary,NA,0,1019,pendigits,NA,NA,NA,NA,NA,NA,NA,NA,NA,NA,NA,NA,NA,16,2288,0,0,0,0,16,10992,NA,NA,NA,0,NA,NA,NA
OpenML binary,NA,0,1021,page-blocks,NA,NA,NA,NA,NA,NA,NA,NA,NA,NA,NA,NA,NA,10,1120,0,0,0,0,10,5473,NA,NA,NA,0,NA,NA,NA
OpenML binary,NA,0,1037,ada_prior,NA,NA,NA,NA,NA,NA,NA,NA,NA,NA,NA,NA,NA,6,2264,8,0,0,0,14,4562,NA,NA,NA,0,NA,NA,NA
OpenML binary,1,1,1038,gina_agnostic,0,NA,NA,NA,NA,NA,NA,NA,NA,NA,NA,NA,NA,970,3410,0,0,0,0,970,3468,"0,9552297165","0,8191593353",0,0,NA,NA,NA
OpenML binary,NA,0,1039,hiva_agnostic,NA,NA,NA,NA,NA,NA,NA,NA,NA,NA,NA,NA,NA,0,4229,0,0,1617,0,1617,4229,NA,NA,NA,0,NA,NA,NA
OpenML binary,NA,0,1040,sylva_prior,NA,NA,NA,NA,NA,NA,NA,NA,NA,NA,NA,NA,NA,20,1772,0,0,88,0,108,14395,NA,NA,NA,0,NA,NA,NA
OpenML binary,1,1,1042,gina_prior,0,NA,NA,NA,NA,NA,NA,NA,NA,NA,NA,NA,NA,548,3410,0,0,236,0,784,3468,"0,956402737","0,8379276637",0,0,NA,NA,NA
OpenML binary,1,1,1046,mozilla4,NA,NA,NA,NA,NA,NA,NA,NA,NA,1,NA,NA,NA,4,10216,0,0,1,0,5,15545,"0,9260032626","0,7967373573",0,0,NA,NA,NA
OpenML binary,NA,0,1053,jm1,NA,NA,NA,NA,NA,NA,NA,NA,NA,NA,NA,NA,NA,21,4206,0,0,0,5,21,10885,"0,6667194929","0,6611727417",1,0,0.6576862123613313,0.6581616481774961,1
OpenML binary,NA,0,1056,mc1,NA,NA,NA,NA,NA,NA,NA,NA,NA,NA,NA,NA,NA,34,136,0,0,4,0,38,9466,NA,NA,NA,0,NA,NA,NA
OpenML binary,NA,0,1069,pc2,NA,NA,NA,NA,NA,NA,NA,NA,NA,NA,NA,NA,NA,35,46,0,0,1,0,36,5589,NA,NA,NA,0,NA,NA,NA
OpenML binary,NA,0,1111,KDDCup09_appetency,NA,NA,NA,NA,NA,NA,NA,NA,NA,NA,NA,NA,NA,36,374,38,105,51,41706,230,50000,NA,NA,NA,0,NA,NA,NA
OpenML binary,NA,0,1112,KDDCup09_churn,NA,NA,NA,NA,NA,NA,NA,NA,NA,NA,NA,NA,NA,36,962,38,105,51,41706,230,50000,NA,NA,NA,0,NA,NA,NA
OpenML binary,NA,0,1114,KDDCup09_upselling,NA,NA,NA,NA,NA,NA,NA,NA,NA,NA,NA,NA,NA,36,1434,38,105,51,41706,230,50000,NA,NA,NA,0,NA,NA,NA
OpenML binary,NA,0,1116,musk,NA,NA,NA,NA,NA,NA,NA,NA,NA,NA,NA,NA,NA,166,2034,1,0,0,0,167,6598,NA,NA,NA,0,NA,NA,NA
OpenML binary,NA,0,1119,adult-census,NA,NA,NA,NA,NA,NA,NA,NA,NA,NA,NA,NA,NA,6,15682,8,0,0,0,14,32561,"0,7728","0,7437777778",1,0,0.7454197662061637,0.7569394261424017,1
OpenML binary,0,1,1120,MagicTelescope,NA,NA,NA,NA,NA,NA,NA,NA,NA,NA,NA,NA,1,10,13376,0,0,0,0,10,19020,"0,8619486668","0,7678046349",0,0,NA,NA,NA
OpenML binary,NA,0,1181,BNG(spectf_test),NA,NA,1,NA,NA,NA,NA,NA,NA,NA,NA,NA,NA,44,430380,0,0,0,0,44,1000000,"0,6315098771","0,6223925957",1,0,0.6704333333333333,0.6187333333333334,1
OpenML binary,NA,0,1205,BNG(Australian),NA,NA,1,NA,NA,NA,NA,NA,NA,NA,NA,NA,NA,8,853898,0,0,6,0,14,1000000,"0,7115423763","0,7166316075",1,0,0.7218,0.7446333333333334,1
OpenML binary,NA,0,1212,BNG(SPECTF),NA,NA,1,NA,NA,NA,NA,NA,NA,NA,NA,NA,NA,44,562600,0,0,0,0,44,1000000,"0,6468735018","0,6338606945",1,0,0.6831666666666667,0.6220666666666667,1
OpenML binary,NA,0,1216,Click_prediction_small,NA,NA,NA,NA,NA,NA,NA,NA,NA,1,NA,NA,NA,7,133562,0,0,2,0,9,1496391,"0,5713427456","0,5611294683",1,0,0.5579,0.5854333333333334,1
OpenML binary,1,1,1217,Click_prediction_small,NA,NA,NA,NA,NA,NA,NA,NA,NA,1,NA,NA,NA,9,13380,0,0,2,0,11,149639,"0,626856004","0,585799701",0,0,NA,NA,NA
OpenML binary,NA,0,1218,Click_prediction_small,NA,NA,NA,NA,NA,NA,NA,NA,NA,1,NA,NA,NA,9,666008,0,0,2,0,11,1997410,"0,5483870968","0,5535702107",1,0,0.5859,0.6042,1
OpenML binary,NA,0,1219,Click_prediction_small,NA,NA,NA,NA,NA,NA,NA,NA,NA,1,NA,NA,NA,9,134178,0,0,2,0,11,399482,"0,5691233864","0,5598919243",1,0,0.5871333333333333,0.5993333333333334,1
OpenML binary,1,1,1220,Click_prediction_small,NA,NA,NA,NA,NA,NA,NA,NA,NA,1,NA,NA,NA,7,13456,0,0,2,0,9,39948,"0,6008917513","0,5683428288",0,0,NA,NA,NA
OpenML binary,1,1,1235,Agrawal1,NA,NA,NA,NA,1,NA,NA,NA,NA,NA,NA,NA,1,6,655910,3,0,0,0,9,1000000,"0,935321007","0,500170567",0,0,NA,NA,NA
OpenML binary,NA,0,1240,AirlinesCodrnaAdult,NA,NA,NA,NA,NA,NA,NA,NA,NA,NA,1,NA,NA,13,947304,16,0,0,0,29,1076790,"0,6739822529","0,7228205649",1,1,0.7439666666666667,0.7670666666666667,1
OpenML binary,NA,0,1241,codrnaNorm,NA,NA,NA,NA,NA,NA,NA,NA,NA,NA,NA,NA,NA,8,325710,0,0,0,0,8,488565,"0,9235499651","0,9336128581",1,0,0.9537666666666668,0.9624,1
OpenML binary,NA,0,1242,vehicleNorm,NA,NA,NA,NA,NA,NA,NA,NA,NA,NA,NA,NA,NA,100,98528,0,0,0,0,100,98528,"0,8599512464","0,8462687741",1,0,0.8545,0.8430333333333333,1
OpenML binary,0,1,1461,bank-marketing,NA,NA,NA,NA,NA,NA,NA,NA,NA,NA,NA,NA,NA,7,10578,9,0,0,0,16,45211,"0,8038437303","0,7554505356",0,0,NA,NA,NA
OpenML binary,1,1,1471,eeg-eye-state,NA,NA,NA,NA,NA,1,NA,NA,NA,NA,NA,NA,NA,14,13446,0,0,0,0,14,14980,"0,9411502231","0,5585523054",0,0,NA,NA,NA
OpenML binary,NA,0,1486,nomao,NA,NA,NA,NA,NA,NA,NA,NA,NA,NA,NA,NA,NA,74,19688,29,0,15,0,118,34465,"0,962","0,9296444444",1,0,0.9286157666045934,0.9553072625698324,1
OpenML binary,0,1,1489,phoneme,1,NA,0,NA,NA,NA,NA,NA,NA,0,NA,NA,0,5,3172,0,0,0,0,5,5404,"0,8825630252","0,7628151261",0,0,NA,NA,NA
OpenML binary,1,1,1496,ringnorm,NA,NA,1,NA,NA,NA,NA,NA,NA,NA,NA,NA,NA,20,7328,0,0,0,0,20,7400,"0,9740791269","0,7566166439",0,0,NA,NA,NA
OpenML binary,NA,0,1507,twonorm,NA,NA,NA,NA,NA,NA,NA,NA,NA,NA,NA,NA,NA,20,7394,0,0,0,0,20,7400,"0,9708877873","0,9774673276",1,0,0.9794502027940514,0.9667417755745832,1
OpenML binary,NA,0,1558,bank-marketing,NA,NA,NA,NA,NA,NA,NA,NA,NA,NA,NA,NA,NA,7,1042,9,0,0,0,16,4521,NA,NA,NA,0,NA,NA,NA
OpenML binary,NA,0,1590,adult,NA,NA,NA,NA,NA,NA,NA,NA,NA,NA,NA,NA,NA,6,23374,8,0,0,0,14,48842,"0,7607616921","0,7381838482",1,0,0.740386911870074,0.7522092190112253,1
OpenML binary,NA,0,1597,creditcard,NA,NA,NA,NA,NA,NA,NA,NA,NA,NA,NA,NA,NA,29,984,0,0,0,0,29,284807,NA,NA,NA,0,NA,NA,NA
OpenML binary,0,0,4134,Bioresponse,NA,NA,NA,NA,NA,NA,NA,NA,NA,NA,NA,NA,NA,419,3434,0,0,1357,0,1776,3751,"0,7901066925","0,7563530553",1,0,0.7538312318137731,0.7499515033947624,1
OpenML binary,NA,0,4154,CreditCardSubset,NA,NA,NA,NA,NA,NA,NA,NA,NA,NA,NA,NA,NA,30,46,0,0,0,0,30,14240,NA,NA,NA,0,NA,NA,NA
OpenML binary,1,1,23512,higgs,NA,NA,NA,NA,NA,NA,NA,NA,NA,NA,1,NA,NA,24,92446,0,0,4,1,28,98050,"0,6837749662","0,627436938",0,0,NA,NA,NA
OpenML binary,NA,0,23517,"numerai28,6",NA,NA,NA,NA,NA,NA,NA,NA,NA,NA,NA,NA,NA,21,95324,0,0,0,0,21,96320,"0,4981803797","0,5207278481",1,0,0.5156333333333334,0.5101333333333333,1
OpenML binary,NA,0,40514,BNG(credit-g),NA,NA,NA,NA,NA,NA,NA,NA,NA,NA,NA,NA,NA,3,600452,13,0,4,0,20,1000000,NA,NA,NA,0,NA,NA,NA
OpenML binary,NA,0,40536,SpeedDating,NA,NA,NA,NA,NA,NA,NA,NA,NA,NA,NA,NA,NA,52,1684,61,1,6,3412,120,8378,NA,NA,NA,0,NA,NA,NA
OpenML binary,NA,0,40666,clean2,NA,NA,NA,NA,NA,NA,NA,NA,NA,NA,NA,NA,NA,168,2034,0,0,0,0,168,6598,NA,NA,NA,0,NA,NA,NA
OpenML binary,NA,0,40701,churn,NA,NA,NA,NA,NA,NA,NA,NA,NA,NA,NA,NA,NA,16,1414,4,0,0,0,20,5000,NA,NA,NA,0,NA,NA,NA
OpenML binary,NA,0,40713,dis,NA,NA,NA,NA,NA,NA,NA,NA,NA,NA,NA,NA,NA,6,116,23,0,0,0,29,3772,NA,NA,NA,0,NA,NA,NA
OpenML binary,NA,0,40900,Satellite,NA,NA,NA,NA,NA,NA,NA,NA,NA,NA,NA,NA,NA,36,150,0,0,0,0,36,5100,NA,NA,NA,0,NA,NA,NA
OpenML binary,NA,0,40910,Speech,NA,NA,NA,NA,NA,NA,NA,NA,NA,NA,NA,NA,NA,400,122,0,0,0,0,400,3686,NA,NA,NA,0,NA,NA,NA
OpenML binary,1,1,40922,Run_or_walk_information,0,NA,NA,NA,NA,NA,NA,NA,NA,NA,NA,NA,NA,6,88446,0,0,0,0,6,88588,"0,9845067031","0,7131733162",0,0,NA,NA,NA
OpenML binary,NA,0,40983,wilt,NA,NA,NA,NA,NA,NA,NA,NA,NA,NA,NA,NA,NA,5,522,0,0,0,0,5,4839,NA,NA,NA,0,NA,NA,NA
OpenML binary,1,1,41005,jungle_chess_2pcs_endgame_rat_rat,NA,NA,NA,NA,NA,NA,1,NA,NA,NA,NA,NA,NA,14,3210,26,0,6,0,46,3660,1,"0,733748702",0,0,NA,NA,NA
OpenML binary,1,NA,41026,gisette,0,NA,1,NA,NA,NA,NA,NA,NA,NA,NA,NA,NA,4589,7000,0,0,411,0,5000,7000,NA,NA,NA,0,NA,NA,NA
OpenML binary,NA,0,41138,APSFailure,NA,NA,NA,NA,NA,NA,NA,NA,NA,NA,NA,NA,NA,161,480,0,7,2,63193,170,76000,NA,NA,NA,0,NA,NA,NA
OpenML binary,1,1,41142,christine,NA,NA,1,1,NA,NA,NA,1,NA,NA,NA,NA,NA,1598,5418,37,0,1,0,1636,5418,"0,7413284133","0,6779827798",0,0,NA,NA,NA
OpenML binary,1,1,41144,madeline,NA,NA,1,1,NA,NA,NA,1,NA,NA,NA,NA,NA,256,3122,0,0,3,0,259,3140,"0,8315901814","0,5643543223",0,0,NA,NA,NA
OpenML binary,1,1,41145,philippine,NA,NA,NA,1,NA,NA,NA,NA,NA,NA,NA,NA,NA,308,5832,0,0,0,0,308,5832,"0,7614857143","0,7218285714",0,0,NA,NA,NA
OpenML binary,NA,0,41146,sylvine,NA,NA,NA,NA,NA,NA,NA,NA,NA,NA,NA,NA,NA,20,5124,0,0,0,0,20,5124,"0,9473342003","0,911183355",1,0,0.9136540962288686,0.9118335500650196,1
OpenML binary,NA,0,41147,albert,NA,NA,NA,NA,NA,NA,NA,NA,NA,NA,NA,NA,NA,21,58252,52,5,0,358940,78,425240,"0,6199497217","0,6254264679",1,0,0.634,0.6429666666666667,1
OpenML binary,0,1,41150,MiniBooNE,1,NA,0,NA,NA,NA,NA,NA,NA,0,NA,NA,0,50,72998,0,0,0,0,50,130064,"0,928847122","0,8434301057",0,0,NA,NA,NA
OpenML binary,NA,0,41156,ada,NA,NA,NA,NA,NA,NA,NA,NA,NA,NA,NA,NA,NA,6,2058,0,0,42,0,48,4147,NA,NA,NA,0,NA,NA,NA
OpenML binary,1,1,41158,gina,NA,NA,1,NA,NA,NA,NA,NA,NA,NA,NA,NA,NA,970,3100,0,0,0,0,970,3153,"0,9509677419","0,8288172043",0,0,NA,NA,NA
OpenML binary,1,NA,41159,guillermo,NA,NA,1,NA,NA,NA,NA,NA,NA,NA,NA,NA,NA,4279,16006,0,0,17,0,4296,20000,NA,NA,NA,0,NA,NA,NA
OpenML binary,NA,0,41160,rl,NA,NA,NA,NA,NA,NA,NA,NA,NA,NA,NA,NA,NA,7,2360,14,0,1,16872,22,31406,NA,NA,NA,0,NA,NA,NA
OpenML binary,NA,NA,41161,riccardo,NA,NA,NA,NA,NA,NA,NA,NA,NA,NA,NA,NA,NA,4283,10000,0,0,13,0,4296,20000,NA,NA,NA,0,NA,NA,NA
OpenML binary,NA,0,41162,kick,NA,NA,NA,NA,NA,NA,NA,NA,NA,NA,NA,NA,NA,14,17836,18,0,0,383,32,72983,"0,6360888889","0,6198666667",1,0,0.6114121970971159,0.6429327851491934,1
OpenML binary,NA,0,41228,Klaverjas2018,NA,NA,NA,NA,NA,NA,NA,NA,NA,NA,NA,NA,NA,0,981541,0,0,32,0,32,981541,NA,NA,NA,0,NA,NA,NA
OpenML binary,NA,0,41434,Click_prediction_small,NA,NA,NA,NA,NA,NA,NA,NA,NA,NA,NA,NA,NA,3,13456,6,0,2,0,11,39948,NA,NA,NA,0,NA,NA,NA
OpenML binary,1,1,41526,test_dataset,NA,NA,NA,NA,NA,NA,NA,NA,1,NA,NA,NA,NA,51,15136,0,0,9,14,60,15547,"0,8395555556","0,7952",0,0,NA,NA,NA
OpenML binary,NA,0,41946,Sick_numeric,NA,NA,NA,NA,NA,NA,NA,NA,NA,NA,NA,NA,NA,6,462,0,0,23,0,29,3772,NA,NA,NA,0,NA,NA,NA
OpenML binary,NA,0,42192,compas-two-years,NA,NA,NA,NA,NA,NA,NA,NA,NA,NA,NA,NA,NA,3,4966,6,0,4,0,13,5278,NA,NA,NA,0,NA,NA,NA
OpenML binary,NA,0,42193,compas-two-years,NA,NA,NA,NA,NA,NA,NA,NA,NA,NA,NA,NA,NA,3,4966,6,0,4,0,13,5278,NA,NA,NA,0,NA,NA,NA
OpenML binary,NA,0,42206,porto-seguro,NA,NA,NA,NA,NA,NA,NA,NA,NA,NA,NA,NA,NA,9,34308,25,0,3,142164,37,595212,"0,538419016","0,5638474295",1,0,0.5562461155997513,0.5629790760306609,1
OpenML binary,NA,0,42252,Asteroid_Dataset,NA,NA,NA,NA,NA,NA,NA,NA,NA,NA,NA,NA,NA,32,276,1,0,0,96,33,126131,NA,NA,NA,0,NA,NA,NA
OpenML binary,NA,0,42256,Asteroid_Dataset,NA,NA,NA,NA,NA,NA,NA,NA,NA,NA,NA,NA,NA,33,276,0,0,0,96,33,126131,NA,NA,NA,0,NA,NA,NA
OpenML binary,NA,0,42343,KDD98,NA,NA,NA,NA,NA,NA,NA,NA,NA,NA,NA,NA,NA,309,7676,136,21,11,51924,477,82318,"0,5400781589","0,5313069909",1,0,0.537559704732957,0.5272253582283977,1
OpenML binary,0,0,42395,SantanderCustomerSatisfaction,NA,NA,NA,NA,NA,NA,NA,NA,NA,NA,NA,NA,NA,201,40196,0,0,0,0,201,200000,"0,7769860683","0,7629125456",1,0,0.7762343229083981,0.7320209557072551,1
OpenML binary,NA,0,42397,CreditCardFraudDetection,NA,NA,NA,NA,NA,NA,NA,NA,NA,NA,NA,NA,NA,30,984,0,0,0,0,30,284807,NA,NA,NA,0,NA,NA,NA
OpenML binary,NA,0,42435,SantanderCustomerSatisfaction,NA,NA,NA,NA,NA,NA,NA,NA,NA,NA,NA,NA,NA,200,40196,1,0,0,0,201,200000,"0,7817363253","0,7719522138",1,0,0.7763930782663915,0.7277345610414352,1
OpenML binary,NA,0,42477,default-of-credit-card-clients,NA,NA,NA,NA,NA,NA,NA,NA,NA,NA,NA,NA,NA,20,13272,0,0,3,0,23,30000,"0,6957810146","0,6791562029",1,0,0.6710698141637368,0.6994475138121546,1
OpenML binary,1,1,42680,RelevantImagesDatasetTEST,0,NA,NA,NA,NA,NA,NA,NA,NA,NA,NA,NA,NA,19,11164,3,0,8,0,30,134731,"0,996238806","0,9405373134",0,0,NA,NA,NA
OpenML binary,1,1,42717,Click_prediction_small,NA,NA,NA,NA,NA,NA,NA,NA,NA,1,NA,NA,NA,7,13456,0,0,2,0,9,39948,"0,599058707","0,5689868714",0,0,NA,NA,NA
OpenML binary,NA,0,42733,Click_prediction_small,NA,NA,NA,NA,NA,NA,NA,NA,NA,NA,NA,NA,NA,3,13456,6,0,2,0,11,39948,NA,NA,NA,0,NA,NA,NA
OpenML binary,NA,0,42742,porto-seguro,NA,NA,NA,NA,NA,NA,NA,NA,NA,NA,NA,NA,NA,20,34308,31,0,6,142164,57,595212,"0,5454868515","0,5625839059",1,0,0.5588357157654859,0.5406049305987155,1
OpenML binary,NA,0,42750,Census-Income-KDD,NA,NA,NA,NA,NA,NA,NA,NA,NA,NA,1,NA,NA,18,23314,0,0,23,8962,41,199523,"0,8544942237","0,8229923922",1,0,0.819950839819746,0.8374300150211663,1
OpenML binary,NA,NA,42757,KDDCup09-Appetency,NA,NA,NA,NA,NA,NA,NA,NA,NA,NA,NA,NA,NA,5307,0,0,200,9493,50000,15000,50000,NA,NA,NA,0,NA,NA,NA
OpenML binary,NA,NA,42758,KDDCup09-Churn,NA,NA,NA,NA,NA,NA,NA,NA,NA,NA,NA,NA,NA,5307,0,0,200,9493,50000,15000,50000,NA,NA,NA,0,NA,NA,NA
OpenML binary,NA,NA,42759,KDDCup09-Upselling,NA,NA,NA,NA,NA,NA,NA,NA,NA,NA,NA,NA,NA,5307,0,0,200,9493,50000,15000,50000,NA,NA,NA,0,NA,NA,NA
OpenML binary,0,1,42769,Higgs,1,NA,0,NA,NA,NA,NA,NA,NA,0,NA,NA,1,24,940160,0,0,4,0,28,1000000,"0,617437843","0,5771289208",0,0,NA,NA,NA
OpenML binary,NA,NA,42773,KDDCup09-Upselling,NA,NA,NA,NA,NA,NA,NA,NA,NA,NA,NA,NA,NA,5283,0,260,169,9288,50000,15000,50000,NA,NA,NA,0,NA,NA,NA
OpenML binary,NA,NA,42774,KDDCup09-Appetency,NA,NA,NA,NA,NA,NA,NA,NA,NA,NA,NA,NA,NA,5283,0,260,169,9288,50000,15000,50000,NA,NA,NA,0,NA,NA,NA
OpenML binary,NA,NA,42775,KDDCup09-Churn,NA,NA,NA,NA,NA,NA,NA,NA,NA,NA,NA,NA,NA,5283,0,260,169,9288,50000,15000,50000,NA,NA,NA,0,NA,NA,NA
OpenML binary,1,NA,42810,PCam,0,NA,NA,NA,NA,NA,NA,NA,NA,NA,NA,NA,NA,27648,3954,0,0,0,0,27648,4000,NA,NA,NA,0,NA,NA,NA
OpenML binary,1,NA,42811,PCam16k,0,NA,NA,NA,NA,NA,NA,NA,NA,NA,NA,NA,NA,27648,15982,0,0,0,0,27648,16000,NA,NA,NA,0,NA,NA,NA
OpenML binary,1,NA,42812,PCam16k,0,NA,NA,NA,NA,NA,NA,NA,NA,NA,NA,NA,NA,27648,15866,0,0,0,0,27648,16000,NA,NA,NA,0,NA,NA,NA
OpenML binary,NA,NA,43072,KDDCup09-Upselling,NA,NA,NA,NA,NA,NA,NA,NA,NA,NA,NA,NA,NA,5283,0,189,169,9250,50000,14891,50000,NA,NA,NA,0,NA,NA,NA
OpenML binary,1,0,43439,Medical-Appointment-No-Shows,NA,NA,NA,NA,NA,NA,NA,NA,NA,1,NA,NA,NA,5,44638,0,0,7,0,12,110527,NA,NA,NA,0,NA,NA,NA
OpenML binary,NA,0,43489,Census-(Augmented),1,NA,0,NA,NA,NA,NA,NA,NA,0,NA,NA,0,9,630668,0,0,5,0,14,1000000,"0,7440590003","0,7583310571",1,0,0.7621333333333333,0.7855,1
OpenML binary,NA,0,43551,Employee-Turnover-at-TECHCO,NA,NA,NA,NA,NA,NA,NA,NA,NA,NA,NA,NA,NA,8,988,0,0,1,0,9,34452,NA,NA,NA,0,NA,NA,NA
OpenML Multiple,NA,0,6,letter,NA,NA,NA,NA,NA,NA,NA,NA,NA,NA,NA,NA,NA,16,1610,0,0,0,0,16,20000,NA,NA,NA,0,NA,NA,NA
OpenML Multiple,NA,0,28,optdigits,NA,NA,NA,NA,NA,NA,NA,NA,NA,NA,NA,NA,NA,51,1142,0,0,13,0,64,5620,NA,NA,NA,0,NA,NA,NA
OpenML Multiple,NA,0,30,page-blocks,NA,NA,NA,NA,NA,NA,NA,NA,NA,NA,NA,NA,NA,10,658,0,0,0,0,10,5473,NA,NA,NA,0,NA,NA,NA
OpenML Multiple,NA,0,32,pendigits,NA,NA,NA,NA,NA,NA,NA,NA,NA,NA,NA,NA,NA,16,2288,0,0,0,0,16,10992,NA,NA,NA,0,NA,NA,NA
OpenML Multiple,NA,0,60,waveform-5000,NA,NA,NA,NA,NA,NA,NA,NA,NA,NA,NA,NA,NA,40,3310,0,0,0,0,40,5000,"0,9198388721","0,9248741188",1,0,NA,NA,NA
OpenML Multiple,1,1,149,CovPokElec,NA,NA,NA,NA,NA,NA,NA,NA,NA,NA,1,NA,NA,15,1294868,50,0,7,0,72,1455525,"0,6390368922","0,5826532677",0,0,NA,NA,NA
OpenML Multiple,1,0,150,covertype,NA,NA,NA,NA,NA,NA,NA,NA,NA,NA,1,NA,NA,10,423680,44,0,0,0,54,581012,"0,7337756583","0,758932891",1,0,0.7618333333333334,0.8374333333333334,0
OpenML Multiple,1,1,155,pokerhand,NA,NA,NA,NA,NA,NA,NA,NA,NA,NA,1,NA,NA,5,700852,5,0,0,0,10,829201,"0,7128550991","0,5925471762",0,0,NA,NA,NA
OpenML Multiple,1,1,156,RandomRBF_0_0,NA,NA,1,NA,NA,NA,NA,NA,NA,NA,NA,NA,NA,10,522348,0,0,0,0,10,1000000,"0,9287577213","0,6823610158",0,0,NA,NA,NA
OpenML Multiple,1,1,157,RandomRBF_10_1E-3,NA,NA,1,NA,NA,NA,NA,NA,NA,NA,NA,NA,NA,10,522348,0,0,0,0,10,1000000,"0,9017158545","0,7289636239",0,0,NA,NA,NA
OpenML Multiple,1,1,158,RandomRBF_10_1E-4,NA,NA,1,NA,NA,NA,NA,NA,NA,NA,NA,NA,NA,10,522348,0,0,0,0,10,1000000,"0,9010295127","0,7656142759",0,0,NA,NA,NA
OpenML Multiple,1,0,159,RandomRBF_50_1E-3,NA,NA,NA,NA,NA,NA,NA,NA,NA,NA,NA,NA,NA,10,522348,0,0,0,0,10,1000000,"0,5052848318","0,5020590254",1,0,NA,NA,NA
OpenML Multiple,1,0,160,RandomRBF_50_1E-4,NA,NA,NA,NA,NA,NA,NA,NA,NA,NA,NA,NA,NA,10,522348,0,0,0,0,10,1000000,"0,5443376802","0,5176389842",1,0,NA,NA,NA
OpenML Multiple,1,0,180,covertype,NA,NA,NA,NA,NA,NA,NA,NA,NA,NA,1,NA,NA,10,77812,40,0,4,0,54,110393,"0,7797505987","0,7533239739",1,0,NA,NA,NA
OpenML Multiple,1,0,182,satimage,NA,NA,NA,NA,NA,NA,NA,NA,NA,NA,NA,NA,NA,36,3016,0,0,0,0,36,6430,"0,9975690608","0,9975690608",1,0,NA,NA,NA
OpenML Multiple,NA,0,183,abalone,NA,NA,NA,NA,NA,NA,NA,NA,NA,NA,NA,NA,NA,7,1268,1,0,0,0,8,4177,NA,NA,NA,0,NA,NA,NA
OpenML Multiple,1,1,244,BNG(anneal),NA,NA,1,NA,NA,NA,NA,NA,NA,NA,NA,NA,NA,6,220680,32,0,0,0,38,1000000,"0,7128960732","0,6282812388",0,0,NA,NA,NA
OpenML Multiple,1,1,245,"BNG(anneal,ORIG)",NA,NA,1,NA,NA,NA,NA,NA,NA,NA,NA,NA,NA,6,220680,32,0,0,0,38,1000000,"0,7310635863","0,6472355339",0,0,NA,NA,NA
OpenML Multiple,1,1,247,BNG(letter),NA,NA,1,NA,NA,NA,NA,NA,NA,NA,NA,NA,NA,16,80506,0,0,0,0,16,1000000,"0,9495330165","0,8970178601",0,0,NA,NA,NA
OpenML Multiple,1,1,248,BNG(autos),NA,NA,1,NA,NA,NA,NA,NA,NA,NA,NA,NA,NA,15,521888,10,0,0,0,25,1000000,"0,6878303247","0,6489120736",0,0,NA,NA,NA
OpenML Multiple,1,0,250,BNG(mfeat-fourier),NA,NA,NA,NA,NA,NA,NA,NA,NA,NA,NA,NA,NA,76,200314,0,0,0,0,76,1000000,"0,9936585717","0,997261656",1,0,NA,NA,NA
OpenML Multiple,1,0,252,BNG(mfeat-karhunen),NA,NA,NA,NA,NA,NA,NA,NA,NA,NA,NA,NA,NA,64,200734,0,0,0,0,64,1000000,"0,989481268","0,9891930836",1,0,NA,NA,NA
OpenML Multiple,1,0,254,BNG(mfeat-zernike),NA,NA,NA,NA,NA,NA,NA,NA,NA,NA,NA,NA,NA,47,200552,0,0,0,0,47,1000000,"0,9696664025","0,9432956265",1,0,NA,NA,NA
OpenML Multiple,1,1,259,BNG(page-blocks),NA,NA,1,NA,NA,NA,NA,NA,NA,NA,NA,NA,NA,10,35200,0,0,0,0,10,295245,"0,9333565675","0,7052354399",0,0,NA,NA,NA
OpenML Multiple,1,0,261,BNG(pendigits),NA,NA,NA,NA,NA,NA,NA,NA,NA,NA,NA,NA,NA,16,208286,0,0,0,0,16,1000000,"0,9893678161","0,9862787356",1,0,NA,NA,NA
OpenML Multiple,1,1,265,BNG(glass),NA,NA,1,NA,NA,NA,NA,NA,NA,NA,NA,NA,NA,9,89338,0,0,0,0,9,137781,"0,8384874219","0,6736901138",0,0,NA,NA,NA
OpenML Multiple,NA,0,266,BNG(heart-c),NA,NA,NA,NA,NA,NA,NA,NA,NA,NA,NA,NA,NA,5,907206,7,0,1,0,13,1000000,"0,7005829718","0,7307483731",1,0,0.7405333333333334,0.7547666666666667,1
OpenML Multiple,1,1,268,BNG(vehicle),NA,NA,1,NA,NA,NA,NA,NA,NA,NA,NA,NA,NA,18,512202,0,0,0,0,18,1000000,"0,8941006799","0,8005631481",0,0,NA,NA,NA
OpenML Multiple,NA,0,271,BNG(waveform-5000),NA,NA,NA,NA,NA,NA,NA,NA,NA,NA,NA,NA,NA,40,661984,0,0,0,0,40,1000000,"0,9088056749","0,9137848714",1,0,0.9309,0.9135666666666666,1
OpenML Multiple,NA,0,279,"meta_stream_intervals,arff",NA,NA,NA,NA,NA,NA,NA,NA,NA,NA,NA,NA,NA,73,11818,0,0,1,0,74,45164,"0,99678511","0,9701635646",1,0,NA,NA,NA
OpenML Multiple,NA,0,300,isolet,NA,NA,NA,NA,NA,NA,NA,NA,NA,NA,NA,NA,NA,613,600,0,0,4,0,617,7797,NA,NA,NA,0,NA,NA,NA
OpenML Multiple,NA,0,375,JapaneseVowels,NA,NA,NA,NA,NA,NA,NA,NA,NA,NA,NA,NA,NA,14,2946,0,0,0,0,14,9961,NA,NA,NA,0,NA,NA,NA
OpenML Multiple,NA,NA,390,"new3s,wc",NA,NA,NA,NA,NA,NA,NA,NA,NA,NA,NA,NA,NA,3613,1136,0,0,23219,0,26832,9558,NA,NA,NA,0,NA,NA,NA
OpenML Multiple,NA,0,399,"ohscal,wc",NA,NA,NA,NA,NA,NA,NA,NA,NA,NA,NA,NA,NA,665,2900,0,0,10800,0,11465,11162,NA,NA,NA,0,NA,NA,NA
OpenML Multiple,1,0,554,mnist_784,NA,NA,NA,NA,NA,NA,NA,NA,NA,NA,NA,NA,NA,655,14586,0,0,129,0,784,70000,"0,9953839122","0,9949268739",1,0,NA,NA,NA
OpenML Multiple,0,1,1044,eye_movements,NA,NA,NA,NA,NA,NA,NA,NA,NA,NA,NA,NA,NA,20,7608,3,0,4,0,27,10936,"0,6568550153","0,5628558914",0,0,NA,NA,NA
OpenML Multiple,NA,0,1110,KDDCup99_full,NA,NA,NA,NA,NA,NA,NA,NA,NA,NA,NA,NA,NA,27,2144034,7,0,7,0,41,4898431,1,1,1,0,NA,NA,NA
OpenML Multiple,NA,0,1113,KDDCup99,NA,NA,NA,NA,NA,NA,NA,NA,NA,NA,NA,NA,NA,26,214402,7,0,8,0,41,494020,1,1,1,0,NA,NA,NA
OpenML Multiple,1,0,1183,BNG(satimage),NA,NA,NA,NA,NA,NA,NA,NA,NA,NA,NA,NA,NA,36,468272,0,0,0,0,36,1000000,"0,9877410468","0,9873966942",1,0,NA,NA,NA
OpenML Multiple,NA,0,1185,BNG(wine),NA,NA,NA,NA,NA,NA,NA,NA,NA,NA,NA,NA,NA,13,642542,0,0,0,0,13,1000000,"0,9500341297","0,9371331058",1,0,0.9462666666666668,0.9495,1
OpenML Multiple,1,1,1186,BNG(eucalyptus),NA,NA,1,NA,NA,NA,NA,NA,NA,NA,NA,NA,NA,11,490530,5,0,3,0,19,1000000,"0,8762206024","0,7496905515",0,0,NA,NA,NA
OpenML Multiple,1,0,1209,BNG(vowel),NA,NA,1,NA,NA,NA,NA,NA,NA,NA,NA,NA,NA,10,182326,2,0,0,0,12,1000000,"0,893433096","0,8508644486",1,0,NA,NA,NA
OpenML Multiple,1,0,1214,BNG(JapaneseVowels),NA,NA,1,NA,NA,NA,NA,NA,NA,NA,NA,NA,NA,14,294022,0,0,0,0,14,1000000,"0,9601685985","0,9617843344",1,0,NA,NA,NA
OpenML Multiple,NA,0,1222,"letter-challenge-unlabeled,arff",NA,NA,NA,NA,NA,NA,NA,NA,NA,NA,NA,NA,NA,16,14480,0,0,0,0,16,20000,"0,5938766114","0,566160221",1,0,NA,NA,NA
OpenML Multiple,NA,0,1226,Click_prediction_small,NA,NA,NA,NA,NA,NA,NA,NA,NA,NA,1,NA,NA,7,664786,0,0,2,0,9,798964,"0,4904515073","0,4889510299",1,0,NA,NA,NA
OpenML Multiple,1,0,1351,"BNG(anneal,1000,1)",NA,NA,1,NA,NA,NA,NA,NA,NA,NA,NA,NA,NA,6,220680,32,0,0,0,38,1000000,"0,6211286746","0,6473785852",1,0,NA,NA,NA
OpenML Multiple,1,0,1352,"BNG(anneal,1000,5)",NA,NA,1,NA,NA,NA,NA,NA,NA,NA,NA,NA,NA,6,220680,32,0,0,0,38,1000000,"0,5511765968","0,6137615335",1,1,NA,NA,NA
OpenML Multiple,1,0,1353,"BNG(anneal,1000,10)",NA,NA,1,NA,NA,NA,NA,NA,NA,NA,NA,NA,NA,6,220680,32,0,0,0,38,1000000,"0,5305772119","0,5765681997",1,1,NA,NA,NA
OpenML Multiple,1,0,1354,"BNG(anneal,5000,1)",NA,NA,1,NA,NA,NA,NA,NA,NA,NA,NA,NA,NA,6,220680,32,0,0,0,38,1000000,"0,7062441885","0,6830698806",1,0,NA,NA,NA
OpenML Multiple,1,0,1355,"BNG(anneal,5000,5)",NA,NA,1,NA,NA,NA,NA,NA,NA,NA,NA,NA,NA,6,220680,32,0,0,0,38,1000000,"0,6237035977","0,6669766111",1,1,NA,NA,NA
OpenML Multiple,1,0,1356,"BNG(anneal,5000,10)",NA,NA,1,NA,NA,NA,NA,NA,NA,NA,NA,NA,NA,6,220680,32,0,0,0,38,1000000,"0,6051069308","0,6724125599",1,1,NA,NA,NA
OpenML Multiple,1,0,1357,"BNG(anneal,10000,1)",NA,NA,1,NA,NA,NA,NA,NA,NA,NA,NA,NA,NA,6,220680,32,0,0,0,38,1000000,"0,7269150991","0,7005936628",1,0,NA,NA,NA
OpenML Multiple,1,0,1358,"BNG(anneal,10000,5)",NA,NA,1,NA,NA,NA,NA,NA,NA,NA,NA,NA,NA,6,220680,32,0,0,0,38,1000000,"0,6546026751","0,6594664187",1,0,NA,NA,NA
OpenML Multiple,1,0,1359,"BNG(anneal,10000,10)",NA,NA,1,NA,NA,NA,NA,NA,NA,NA,NA,NA,NA,6,220680,32,0,0,0,38,1000000,"0,6249195337","0,6637579572",1,1,NA,NA,NA
OpenML Multiple,1,0,1360,"BNG(anneal,ORIG,1000,1)",NA,NA,1,NA,NA,NA,NA,NA,NA,NA,NA,NA,NA,6,220680,32,0,0,0,38,1000000,"0,6177669695","0,6317859953",1,0,NA,NA,NA
OpenML Multiple,1,0,1361,"BNG(anneal,ORIG,1000,5)",NA,NA,1,NA,NA,NA,NA,NA,NA,NA,NA,NA,NA,6,220680,32,0,0,0,38,1000000,"0,553536943","0,6116872899",1,1,NA,NA,NA
OpenML Multiple,1,0,1362,"BNG(anneal,ORIG,1000,10)",NA,NA,1,NA,NA,NA,NA,NA,NA,NA,NA,NA,NA,6,220680,32,0,0,0,38,1000000,"0,5224232887","0,5840783921",1,1,NA,NA,NA
OpenML Multiple,1,0,1363,"BNG(anneal,ORIG,5000,1)",NA,NA,1,NA,NA,NA,NA,NA,NA,NA,NA,NA,NA,6,220680,32,0,0,0,38,1000000,"0,7105357271","0,695157714",1,0,NA,NA,NA
OpenML Multiple,1,0,1364,"BNG(anneal,ORIG,5000,5)",NA,NA,1,NA,NA,NA,NA,NA,NA,NA,NA,NA,NA,6,220680,32,0,0,0,38,1000000,"0,619054431","0,6368643159",1,0,NA,NA,NA
OpenML Multiple,1,0,1365,"BNG(anneal,ORIG,5000,10)",NA,NA,1,NA,NA,NA,NA,NA,NA,NA,NA,NA,NA,6,220680,32,0,0,0,38,1000000,"0,6245619054","0,6369358415",1,0,NA,NA,NA
OpenML Multiple,1,0,1366,"BNG(anneal,ORIG,10000,1)",NA,NA,1,NA,NA,NA,NA,NA,NA,NA,NA,NA,NA,6,220680,32,0,0,0,38,1000000,"0,7804878049","0,7530219584",1,0,NA,NA,NA
OpenML Multiple,1,1,1367,"BNG(anneal,ORIG,10000,5)",NA,NA,1,NA,NA,NA,NA,NA,NA,NA,NA,NA,NA,6,220680,32,0,0,0,38,1000000,"0,6459480724","0,6113296617",0,0,NA,NA,NA
OpenML Multiple,1,0,1368,"BNG(anneal,ORIG,10000,10)",NA,NA,1,NA,NA,NA,NA,NA,NA,NA,NA,NA,NA,6,220680,32,0,0,0,38,1000000,"0,6311422645","0,633431085",1,0,NA,NA,NA
OpenML Multiple,1,1,1378,"BNG(letter,1000,1)",NA,NA,1,NA,NA,NA,NA,NA,NA,NA,NA,NA,NA,16,80506,0,0,0,0,16,1000000,"0,9465017205","0,8738325414",0,0,NA,NA,NA
OpenML Multiple,1,1,1379,"BNG(letter,1000,5)",NA,NA,1,NA,NA,NA,NA,NA,NA,NA,NA,NA,NA,16,80506,0,0,0,0,16,1000000,"0,9223332787","0,7971489431",0,0,NA,NA,NA
OpenML Multiple,1,1,1380,"BNG(letter,1000,10)",NA,NA,1,NA,NA,NA,NA,NA,NA,NA,NA,NA,NA,16,80506,0,0,0,0,16,1000000,"0,8601507455","0,754710798",0,0,NA,NA,NA
OpenML Multiple,1,1,1381,"BNG(letter,5000,1)",NA,NA,1,NA,NA,NA,NA,NA,NA,NA,NA,NA,NA,16,80506,0,0,0,0,16,1000000,"0,9542028511","0,8903817795",0,0,NA,NA,NA
OpenML Multiple,1,1,1382,"BNG(letter,5000,5)",NA,NA,1,NA,NA,NA,NA,NA,NA,NA,NA,NA,NA,16,80506,0,0,0,0,16,1000000,"0,9506799934","0,8715385876",0,0,NA,NA,NA
OpenML Multiple,1,1,1383,"BNG(letter,5000,10)",NA,NA,1,NA,NA,NA,NA,NA,NA,NA,NA,NA,NA,16,80506,0,0,0,0,16,1000000,"0,9446993282","0,8493363919",0,0,NA,NA,NA
OpenML Multiple,1,1,1384,"BNG(letter,10000,1)",NA,NA,1,NA,NA,NA,NA,NA,NA,NA,NA,NA,NA,16,80506,0,0,0,0,16,1000000,"0,9503522858","0,8880878257",0,0,NA,NA,NA
OpenML Multiple,1,1,1385,"BNG(letter,10000,5)",NA,NA,1,NA,NA,NA,NA,NA,NA,NA,NA,NA,NA,16,80506,0,0,0,0,16,1000000,"0,9496968704","0,8834999181",0,0,NA,NA,NA
OpenML Multiple,1,1,1386,"BNG(letter,10000,10)",NA,NA,1,NA,NA,NA,NA,NA,NA,NA,NA,NA,NA,16,80506,0,0,0,0,16,1000000,"0,9467475012","0,874242176",0,0,NA,NA,NA
OpenML Multiple,1,0,1393,"BNG(autos,1000,1)",NA,NA,1,NA,NA,NA,NA,NA,NA,NA,NA,NA,NA,15,521888,10,0,0,0,25,1000000,"0,6387535177","0,6119843503",1,0,NA,NA,NA
OpenML Multiple,1,0,1394,"BNG(autos,1000,5)",NA,NA,1,NA,NA,NA,NA,NA,NA,NA,NA,NA,NA,15,521888,10,0,0,0,25,1000000,"0,5632507379","0,552474432",1,0,NA,NA,NA
OpenML Multiple,1,0,1395,"BNG(autos,1000,10)",NA,NA,1,NA,NA,NA,NA,NA,NA,NA,NA,NA,NA,15,521888,10,0,0,0,25,1000000,"0,528588098","0,5341478482",1,0,NA,NA,NA
OpenML Multiple,1,1,1396,"BNG(autos,5000,1)",NA,NA,1,NA,NA,NA,NA,NA,NA,NA,NA,NA,NA,15,521888,10,0,0,0,25,1000000,"0,7313473814","0,6575605738",0,0,NA,NA,NA
OpenML Multiple,1,1,1397,"BNG(autos,5000,5)",NA,NA,1,NA,NA,NA,NA,NA,NA,NA,NA,NA,NA,15,521888,10,0,0,0,25,1000000,"0,6652481296","0,6168577116",0,0,NA,NA,NA
OpenML Multiple,1,1,1398,"BNG(autos,5000,10)",NA,NA,1,NA,NA,NA,NA,NA,NA,NA,NA,NA,NA,15,521888,10,0,0,0,25,1000000,"0,5813027661","0,5484933763",0,0,NA,NA,NA
OpenML Multiple,1,1,1399,"BNG(autos,10000,1)",NA,NA,1,NA,NA,NA,NA,NA,NA,NA,NA,NA,NA,15,521888,10,0,0,0,25,1000000,"0,7178255199","0,6547463793",0,0,NA,NA,NA
OpenML Multiple,1,1,1400,"BNG(autos,10000,5)",NA,NA,1,NA,NA,NA,NA,NA,NA,NA,NA,NA,NA,15,521888,10,0,0,0,25,1000000,"0,7173450477","0,6262612396",0,0,NA,NA,NA
OpenML Multiple,1,1,1401,"BNG(autos,10000,10)",NA,NA,1,NA,NA,NA,NA,NA,NA,NA,NA,NA,NA,15,521888,10,0,0,0,25,1000000,"0,6489807125","0,6095133503",0,0,NA,NA,NA
OpenML Multiple,NA,0,1459,artificial-characters,NA,NA,NA,NA,NA,NA,NA,NA,NA,NA,NA,NA,NA,6,2396,0,0,1,0,7,10218,NA,NA,NA,0,NA,NA,NA
OpenML Multiple,NA,0,1475,first-order-theorem-proving,NA,NA,NA,NA,NA,NA,NA,NA,NA,NA,NA,NA,NA,51,2178,0,0,0,0,51,6118,NA,NA,NA,0,NA,NA,NA
OpenML Multiple,NA,0,1476,gas-drift,NA,NA,NA,NA,NA,NA,NA,NA,NA,NA,NA,NA,NA,128,5852,0,0,0,0,128,13910,"0,9978359909","0,9988610478",1,0,NA,NA,NA
OpenML Multiple,NA,0,1477,gas-drift-different-concentrations,NA,NA,NA,NA,NA,NA,NA,NA,NA,NA,NA,NA,NA,129,5852,0,0,0,0,129,13910,"0,9978359909","0,99738041",1,0,NA,NA,NA
OpenML Multiple,NA,0,1478,har,NA,NA,NA,NA,NA,NA,NA,NA,NA,NA,NA,NA,NA,561,3812,0,0,0,0,561,10299,"0,9998251748",1,1,0,NA,NA,NA
OpenML Multiple,1,1,1483,ldpa,0,NA,NA,NA,NA,NA,NA,NA,NA,NA,NA,NA,NA,5,65420,2,0,0,0,7,164860,"0,9213735836","0,6353256639",0,0,NA,NA,NA
OpenML Multiple,1,1,1497,wall-robot-navigation,0,NA,NA,NA,NA,NA,NA,NA,NA,NA,NA,NA,NA,24,4194,0,0,0,0,24,5456,"0,9985702939","0,7906274821",0,0,NA,NA,NA
OpenML Multiple,NA,0,1503,spoken-arabic-digit,NA,NA,NA,NA,NA,NA,NA,NA,NA,NA,NA,NA,NA,13,52932,0,0,1,0,14,263256,"0,5296744186","0,5107906977",1,0,NA,NA,NA
OpenML Multiple,1,1,1509,walking-activity,0,NA,NA,NA,NA,NA,NA,NA,NA,NA,NA,NA,NA,4,41516,0,0,0,0,4,149332,"0,903385172","0,526876109",0,0,NA,NA,NA
OpenML Multiple,NA,0,1526,wall-robot-navigation,NA,NA,NA,NA,NA,NA,NA,NA,NA,NA,NA,NA,NA,4,4194,0,0,0,0,4,5456,"0,9996822875","0,9725178713",1,0,0.9691818903891978,0.9817315329626688,1
OpenML Multiple,NA,0,1557,abalone,NA,NA,NA,NA,NA,NA,NA,NA,NA,NA,NA,NA,NA,7,2814,1,0,0,0,8,4177,NA,NA,NA,0,NA,NA,NA
OpenML Multiple,1,1,1567,poker-hand,NA,NA,NA,NA,NA,NA,NA,NA,NA,NA,1,NA,NA,5,866194,0,0,5,0,10,1025009,"0,5358523845","0,4920968727",0,0,NA,NA,NA
OpenML Multiple,1,1,1569,poker-hand,NA,NA,NA,NA,NA,NA,NA,NA,NA,NA,1,NA,NA,5,866192,0,0,5,0,10,1025000,"0,5515229632","0,4863306424",0,0,NA,NA,NA
OpenML Multiple,1,0,1596,covertype,NA,NA,NA,NA,NA,NA,NA,NA,NA,NA,1,NA,NA,10,423680,44,0,0,0,54,581012,"0,7267261041","0,751192204",1,0,0.7646,0.8459333333333333,0
OpenML Multiple,1,1,4538,GesturePhaseSegmentationProcessed,0,NA,NA,NA,NA,NA,NA,NA,NA,NA,NA,NA,NA,32,5482,0,0,0,0,32,9873,"0,9107598784","0,7849240122",0,0,NA,NA,NA
OpenML Multiple,NA,0,4541,Diabetes130US,NA,NA,NA,NA,NA,NA,NA,NA,NA,NA,NA,NA,NA,11,71090,36,0,2,0,49,101766,"0,6136882129","0,6152936206",1,0,NA,NA,NA
OpenML Multiple,NA,0,40498,wine-quality-white,NA,NA,NA,NA,NA,NA,NA,NA,NA,NA,NA,NA,NA,11,2914,0,0,0,0,11,4898,NA,NA,NA,0,NA,NA,NA
OpenML Multiple,NA,0,40499,texture,NA,NA,NA,NA,NA,NA,NA,NA,NA,NA,NA,NA,NA,40,1000,0,0,0,0,40,5500,NA,NA,NA,0,NA,NA,NA
OpenML Multiple,1,1,40520,BNG(anneal),NA,NA,1,NA,NA,NA,NA,NA,NA,NA,NA,NA,NA,6,220680,32,0,0,0,38,1000000,"0,7025963808","0,6261354696",0,0,NA,NA,NA
OpenML Multiple,1,1,40672,fars,NA,NA,NA,NA,NA,NA,NA,NA,NA,1,NA,NA,NA,14,40014,15,0,0,0,29,100968,1,"0,8928939604",0,0,NA,NA,NA
OpenML Multiple,NA,0,40685,shuttle,NA,NA,NA,NA,NA,NA,NA,NA,NA,NA,NA,NA,NA,9,17806,0,0,0,0,9,58000,1,"0,9802666667",1,0,NA,NA,NA
OpenML Multiple,NA,0,40923,Devnagari-Script,NA,NA,NA,NA,NA,NA,NA,NA,NA,NA,NA,NA,NA,784,4000,0,0,240,0,1024,92000,"0,9965","0,9921666667",1,0,NA,NA,NA
OpenML Multiple,NA,NA,40926,CIFAR_10_small,NA,NA,NA,NA,NA,NA,NA,NA,NA,NA,NA,NA,NA,3072,4060,0,0,0,0,3072,20000,NA,NA,NA,0,NA,NA,NA
OpenML Multiple,NA,NA,40927,CIFAR_10,NA,NA,NA,NA,NA,NA,NA,NA,NA,NA,NA,NA,NA,3072,12000,0,0,0,0,3072,60000,NA,NA,NA,0,NA,NA,NA
OpenML Multiple,1,0,40996,Fashion-MNIST,NA,NA,NA,NA,NA,NA,NA,NA,NA,NA,NA,NA,NA,783,14000,0,0,1,0,784,70000,"0,9980952381","0,9982380952",1,0,NA,NA,NA
OpenML Multiple,1,0,40997,jungle_chess_2pcs_endgame_panther_lion,NA,1,NA,NA,NA,NA,NA,NA,NA,NA,NA,NA,NA,13,4072,26,0,7,0,46,4704,"0,9926350245","0,9451718494",1,0,NA,NA,NA
OpenML Multiple,1,1,40998,jungle_chess_2pcs_endgame_panther_lion,NA,NA,NA,NA,NA,NA,1,NA,NA,NA,NA,NA,NA,13,4072,26,0,7,0,46,4704,"0,9962356792","0,94599018",0,0,NA,NA,NA
OpenML Multiple,1,0,41000,jungle_chess_2pcs_endgame_panther_elephant,NA,1,NA,NA,NA,NA,NA,NA,NA,NA,NA,NA,NA,14,4028,26,0,6,0,46,4704,"0,7272125724","0,7995037221",1,1,NA,NA,NA
OpenML Multiple,1,1,41001,jungle_chess_2pcs_endgame_complete,NA,NA,NA,NA,NA,NA,1,NA,NA,NA,NA,NA,NA,14,32500,26,0,6,3528,46,44819,"0,9010771326","0,8440840246",0,0,NA,NA,NA
OpenML Multiple,1,0,41002,jungle_chess_2pcs_endgame_rat_panther,NA,1,NA,NA,NA,NA,NA,NA,NA,NA,NA,NA,NA,14,3222,26,0,6,1176,46,5880,"0,9619441572","0,9352637022",1,0,NA,NA,NA
OpenML Multiple,1,1,41003,jungle_chess_2pcs_endgame_rat_elephant,NA,NA,NA,NA,NA,NA,1,NA,NA,NA,NA,NA,NA,14,3554,26,0,6,1176,46,5880,"0,9988753515","0,8026241799",0,0,NA,NA,NA
OpenML Multiple,NA,0,41004,jungle_chess_2pcs_endgame_lion_elephant,NA,NA,NA,NA,NA,NA,NA,NA,NA,NA,NA,NA,NA,13,2818,26,0,7,0,46,4704,NA,NA,NA,0,NA,NA,NA
OpenML Multiple,1,1,41006,jungle_chess_2pcs_endgame_rat_lion,NA,NA,NA,NA,NA,NA,1,NA,NA,NA,NA,NA,NA,13,3960,26,0,7,1176,46,5880,"0,9952861953","0,9451178451",0,0,NA,NA,NA
OpenML Multiple,NA,0,41027,jungle_chess_2pcs_raw_endgame_complete,NA,NA,NA,NA,NA,NA,NA,NA,NA,NA,NA,NA,NA,0,44819,0,0,6,0,6,44819,NA,NA,NA,0,NA,NA,NA
OpenML Multiple,1,0,41039,EMNIST_Balanced,NA,NA,NA,NA,NA,NA,NA,NA,NA,NA,NA,NA,NA,688,5600,0,0,96,0,784,131600,"0,9935752528","0,9927424152",1,0,NA,NA,NA
OpenML Multiple,NA,NA,41081,SVHN,NA,NA,NA,NA,NA,NA,NA,NA,NA,NA,NA,NA,NA,3072,29468,0,0,0,0,3072,99289,NA,NA,NA,0,NA,NA,NA
OpenML Multiple,NA,0,41082,USPS,NA,NA,NA,NA,NA,NA,NA,NA,NA,NA,NA,NA,NA,256,2538,0,0,0,0,256,9298,NA,NA,NA,0,NA,NA,NA
OpenML Multiple,NA,NA,41103,STL-10,NA,NA,NA,NA,NA,NA,NA,NA,NA,NA,NA,NA,NA,27648,2600,0,0,0,0,27648,13000,NA,NA,NA,0,NA,NA,NA
OpenML Multiple,NA,0,41163,dilbert,NA,NA,NA,NA,NA,NA,NA,NA,NA,NA,NA,NA,NA,2000,4092,0,0,0,0,2000,10000,"0,9990228013",1,1,0,NA,NA,NA
OpenML Multiple,NA,0,41164,fabert,NA,NA,NA,NA,NA,NA,NA,NA,NA,NA,NA,NA,NA,730,3030,0,0,70,0,800,8237,"0,9423542354","0,9652365237",1,0,NA,NA,NA
OpenML Multiple,NA,NA,41165,robert,NA,NA,NA,NA,NA,NA,NA,NA,NA,NA,NA,NA,NA,7200,2070,0,0,0,0,7200,10000,NA,NA,NA,0,NA,NA,NA
OpenML Multiple,NA,0,41166,volkert,NA,NA,NA,NA,NA,NA,NA,NA,NA,NA,NA,NA,NA,147,23038,0,0,33,0,180,58310,"0,9901923322","0,9895554706",1,0,NA,NA,NA
OpenML Multiple,0,1,41168,jannis,NA,NA,NA,NA,NA,NA,NA,NA,NA,NA,NA,NA,NA,54,57580,0,0,0,0,54,83733,"0,7625529613","0,7260434508",1,0,NA,NA,NA
OpenML Multiple,NA,0,41169,helena,NA,NA,NA,NA,NA,NA,NA,NA,NA,NA,NA,NA,NA,27,6126,0,0,0,0,27,65196,"0,9655059848","0,9628944505",1,0,NA,NA,NA
OpenML Multiple,NA,0,41671,microaggregation2,NA,NA,NA,NA,NA,NA,NA,NA,NA,NA,NA,NA,NA,10,8964,0,0,10,0,20,20000,"0,6130111524","0,6446840149",1,1,0.6442379182156133,0.647360594795539,1
OpenML Multiple,NA,0,41972,Indian_pines,NA,NA,NA,NA,NA,NA,NA,NA,NA,NA,NA,NA,NA,220,5004,0,0,0,0,220,9144,"0,9111850866","0,8729693742",1,0,NA,NA,NA
OpenML Multiple,1,0,41982,Kuzushiji-MNIST,0,NA,NA,NA,NA,NA,NA,NA,NA,NA,NA,NA,NA,784,14000,0,0,0,0,784,70000,"0,9935714286","0,9592857143",1,0,NA,NA,NA
OpenML Multiple,1,NA,41983,CIFAR-100,0,NA,NA,NA,NA,NA,NA,NA,NA,NA,NA,NA,NA,3072,1200,0,0,0,0,3072,60000,NA,NA,NA,0,NA,NA,NA
OpenML Multiple,1,0,41986,GTSRB-HOG01,NA,NA,NA,NA,NA,NA,NA,NA,NA,NA,NA,NA,NA,1568,5880,0,0,0,0,1568,51839,"0,9890022676","0,9866213152",1,0,NA,NA,NA
OpenML Multiple,1,0,41988,GTSRB-HOG02,NA,NA,NA,NA,NA,NA,NA,NA,NA,NA,NA,NA,NA,1568,5880,0,0,0,0,1568,51839,"0,9947845805","0,9936507937",1,0,NA,NA,NA
OpenML Multiple,1,0,41989,GTSRB-HOG03,NA,NA,NA,NA,NA,NA,NA,NA,NA,NA,NA,NA,NA,2916,5880,0,0,0,0,2916,51839,"0,9905895692","0,9876417234",1,0,NA,NA,NA
OpenML Multiple,1,1,41990,GTSRB-HueHist,0,NA,NA,NA,NA,NA,NA,NA,NA,NA,NA,NA,NA,256,5880,0,0,0,0,256,51839,"0,8382086168","0,656122449",0,0,NA,NA,NA
OpenML Multiple,NA,0,42468,hls4ml_lhc_jets_hlf,NA,NA,NA,NA,NA,NA,NA,NA,NA,NA,NA,NA,NA,16,334250,0,0,0,0,16,830000,"0,8607524255","0,8735953096",1,0,NA,NA,NA
OpenML Multiple,1,1,42718,BNG(vehicle),NA,NA,1,NA,NA,NA,NA,NA,NA,NA,NA,NA,NA,18,512202,0,0,0,0,18,1000000,"0,9034406978","0,8156720005",0,0,NA,NA,NA
OpenML Multiple,NA,0,42746,KDDCup99,NA,NA,NA,NA,NA,NA,NA,NA,NA,NA,NA,NA,NA,27,2144034,9,0,5,0,41,4898431,1,1,1,0,NA,NA,NA
OpenML Multiple,1,1,42803,road-safety,NA,NA,NA,NA,NA,NA,NA,NA,NA,1,NA,NA,NA,29,112272,5,0,32,192603,66,363243,"0,6473530317","0,5967220683",0,0,NA,NA,NA
Custom,NA,0,NA,heloc,NA,NA,NA,NA,NA,NA,NA,NA,NA,NA,NA,NA,NA,22,10000,NA,0,1,0,23,10459,"0,7040666667","0,7074666667",1,0,NA,NA,NA
Custom,NA,0,NA,churn,NA,NA,NA,NA,NA,NA,NA,NA,NA,NA,NA,NA,NA,5,4074,NA,0,1,0,13,10000,"0,6484055601","0,6896156991",1,1,NA,NA,NA
Custom,NA,0,NA,shopping,NA,NA,NA,NA,NA,NA,NA,NA,NA,NA,NA,NA,NA,9,3816,NA,0,1,0,17,12330,"0,8265502183","0,8069868996",1,0,NA,NA,NA
Custom,0,1,NA,credit,NA,NA,NA,NA,NA,NA,NA,NA,NA,NA,NA,NA,NA,10,16714,NA,0,0,29731,11,150000,"0,7725333333","0,7243111111",0,0,NA,NA,NA
Custom,NA,0,NA,nomao,NA,NA,NA,NA,NA,NA,NA,NA,NA,NA,NA,NA,NA,36,8500,NA,0,10,13012,120,34464,"0,956","0,9370196078",1,0,NA,NA,NA
Custom,0,1,NA,california,NA,NA,NA,NA,NA,NA,NA,NA,NA,NA,NA,NA,NA,8,20634,NA,0,0,0,8,20640,"0,9001777778","0,8294666667",0,0,NA,NA,NA
Custom,NA,0,NA,covtype,NA,NA,NA,NA,NA,NA,NA,NA,NA,NA,NA,NA,NA,10,423680,NA,0,0,0,54,581012,"0,7458704817","0,7587255512",1,0,NA,NA,NA
Custom,NA,0,NA,spam,NA,NA,NA,NA,NA,NA,NA,NA,NA,NA,NA,NA,NA,57,3624,NA,0,0,0,57,4600,"0,9545955882","0,9215073529",1,0,NA,NA,NA
Custom,0,1,NA,wine,NA,NA,NA,NA,NA,NA,NA,NA,NA,NA,NA,NA,NA,11,2554,NA,0,0,0,11,6497,"0,8078226858","0,7327249022",0,0,NA,NA,NA
Custom,NA,0,NA,fifa,NA,NA,NA,NA,NA,NA,NA,NA,NA,NA,NA,NA,NA,5,15282,NA,0,3,1176,109,19239,"0,8482666667","0,8130222222",1,0,NA,NA,NA